Title,URL,Snippet
Official Website Builder - Wix.com,https://duckduckgo.com/y.js?ad_domain=wix.com&ad_provider=bingv7aa&ad_type=txad&click_metadata=T6KfhgQJjRqFv0Qdwer3W0d%2DZ45p4ATjaVc1I%2DbR5I59DxlfrhJS35FKmc0YdtVH8NS9IbHlRX3vAIpY9z%2DKuoc5cTsV2IX8zAo%2DCKHqunDBOTvhZKRNmL5vgTul3KLpEvIHhPCPZzpqN8BrbPjwFtrXk_YFvICQR7NPk82XXCo.v00hK9Y%2Dsl91bFrund8S4Q&rut=29a57a974a90e3de5d2d04b7e81d7c7a758242dc50e22faef60f4a6c573045c6&u3=https%3A%2F%2Fwww.bing.com%2Faclick%3Fld%3De82mjZ98ibAHUM3Worwj1PqjVUCUxg8MAHEIeJzXCqg1fN4UvbNEwXrtkmB8EFvw57y6q6mZ2civ1k3Qsf97U%2DL8SSBdqKqNkFlqDQJfGVRXnsyVyAKdekXVWkdBlo%2D6DVp6VXnKlzNZLUbfq9EK9dNU0fxWbU9l56rBp5JDH_YoRMAV9TKGrHxTiTumR81Ue7ewCitgR46f54QimhhuN1xhsDLSM%26u%3DaHR0cHMlM2ElMmYlMmZ3d3cud2l4LmNvbSUyZmxwLWVuJTJmd2Vic2l0ZS1idWlsZGVyJTNmdXRtX3NvdXJjZSUzZGJpbmclMjZ1dG1fbWVkaXVtJTNkY3BjJTI2dXRtX2NhbXBhaWduJTNkNTA2MjI2NDc2JTVlMTI2NDQ0MDA1MjgxMjc4OCU1ZXNlYXJjaCUyNTIwLSUyNTIwYmluZyUyNTIwdXMlMjZleHBlcmltZW50X2lkJTNkY3JlYXRlJTI1MjBhJTI1MjBidXNpbmVzcyUyNTIwd2Vic2l0ZSUyNTIwZnJlZSU1ZWIlNWUlNWUlMjZtc2Nsa2lkJTNkMzkwN2IwNTUwZDAyMTE1YjgyYjBkYTYxZTNiZTZjYWM%26rlid%3D3907b0550d02115b82b0da61e3be6cac&vqd=4-261054040807600531123448741420551562102&iurl=%7B1%7DIG%3D56005FF9D7814D17A039AB013C3D503A%26CID%3D0E1D6A9007F16D760D9F7DED06246C86%26ID%3DDevEx%2C5038.1,Grow Your Brand & Drive More Conversions with an Impressive Website & Powerful SEO Tools. Start Now & See Why Wix.com is the Best Website Builder for Business-Owners.
10 Best Website Builders - The Best of 2026,https://duckduckgo.com/y.js?ad_domain=top10.com&ad_provider=bingv7aa&ad_type=txad&click_metadata=JfHOvFFsc_SV2PXBsww976PK7sqrA8pyDCQMUdZM5i%2DNZIViBuJiXf%2DSB2OAvqFotySftsjx8XlD0Kv5PFG%2D7hdPiw_pH4_DQBnf691n7GVypINupUQ9BfUTM_5khp6N3UnKyq6zGGZ5D042x%2DRosZOAIbDmYOEnw_2g3AUI8Tc.6k6PBvq8OkvDVTCAmRKrKg&rut=5c20b2d14ff72cc5450fa2559813f9ce7c090425f3eafa73c6972c1e3d77a30a&u3=https%3A%2F%2Fwww.bing.com%2Faclick%3Fld%3De8bG_EbeaJnri4T2Gf5se29TVUCUyipk62vviEW7T%2D3MlVGllUy0kB54StMwF2z3tooHARWdxeifPIy4N4OV_rqjlN0rOIkXFqUg2hjnf7sqW2eUqjKi3ZoqU5JSa9anZQ4oj9gwTpPig91xSjlmG8ozk15QVku3LW6K48e78F%2DGhPZuse%2Dif8VcvD2FidR2dO9OmY4MNRsmmM%2DOyQRlPwPlB8siY%26u%3DaHR0cHMlM2ElMmYlMmZ3d3cudG9wMTAuY29tJTJmd2Vic2l0ZS1idWlsZGVycyUyZmNyZWF0ZS1jb21wYXJpc29uJTNmYmt3JTNkd2Vic2l0ZSUyNTIwYnVpbGQlMjZiY2FtcGlkJTNkNDU4MTE2MjA1JTI2YmNhbXAlM2RXQiUyNTIwVVMlMjUyMFdlYnNpdGUlMjUyMEJ1aWxkZXIlMjUyMEJpbmclMjZiYWdpZCUzZDExODQxNzYwMzAyMDcxMzElMjZiYWclM2RCdWlsZCUyNTIwYSUyNTIwV2Vic2l0ZSUyNmJ0YXJpZCUzZGt3ZC03NDAxMTQ1NDM1MjY1NCUzYWxvYy00NDE1MiUyNmJpZG0lM2RiYiUyNmJuZXQlM2RzJTI2YmQlM2RjJTI2Ym1vYnZhbCUzZDAlMjZidCUzZHNlYXJjaCUyNnV0bV9zb3VyY2UlM2RiaW5nJTI2dXRtX21lZGl1bSUzZGNwYyUyNnV0bV90ZXJtJTNkd2Vic2l0ZSUyNTIwZGVzaWduJTI1MjBieSUyNTIwcGx1bWJpbmclMjZ1dG1fY2FtcGFpZ24lM2RCaW5nJTJiQ1BDJTJiQ2FtcGFpZ24lMjZjJTNkNzQwMTEyMTY0MzY4NTglMjZtJTNkcCUyNmslM2Q3NDAxMTQ1NDM1MjY1NCUyNiUyNmJwaHlzaWNhbCUzZDc5ODQyJTI2YmZlZWRpZCUzZCUyNmJpbnRlcmVzdCUzZCUyNmElM2RCMjIwOTU5JTI2dHMlM2QlMjZ0b3BpYyUzZCUyNm5pY2hlJTNkJTI2dXBmJTNkJTI2Y3R5cGUlM2QlMjZleHAlM2QlMjZwcSUzZCUyNmR5biUzZCUyNmNhbXR5cGUlM2RwcyUyNm1zY2xraWQlM2QwZDU3YTFkZTU2N2MxYzMxYWNmZWNiZWFiOGMwYzI0Mw%26rlid%3D0d57a1de567c1c31acfecbeab8c0c243&vqd=4-308054445568275394479739985534028768610&iurl=%7B1%7DIG%3D56005FF9D7814D17A039AB013C3D503A%26CID%3D0E1D6A9007F16D760D9F7DED06246C86%26ID%3DDevEx%2C5042.1,Learn How You Can Build A Website With The Best Website Builder Tools. Learn More. Compare Top Rated Brands for Best Features and Deals - The Very Best Website Builders
Plumber Website Design by Newman Web Solutions Agency,https://www.newmanwebsolutions.com/web-design/plumbers/,Transform your
Plumbing Service Website Design by FleexStudio - Dribbble,https://dribbble.com/shots/26829951-Plumbing-Service-Website-Design,Service Website Design designed by FleexStudio | Web Design Agency. Connect with them on Dribbble; the global community for designers and creative professionals.
Customizable Salon Web Builder - Free Salon Website Templates,https://duckduckgo.com/y.js?ad_domain=vagaro.com&ad_provider=bingv7aa&ad_type=txad&click_metadata=VUj%2DQ%2Dvbs2r2nZ1u2A0OIgLzme0S6PjVOIOZDU4IwguvdzLq2U467B9i5d_8k1RWHp%2D8TK00VGom_lPkfNu1ixe%2D3VA1MwVOF4RP0O6LdApoONOiv8TPyw4B3OA9dm%2Dva1McfJvzCGYpEw8rmchPu%2D%2D00RcE8soxOL6KnjDYxKQ.XwEVSoHyxP2PjLaw30yyDg&rut=4157793278e10a3ae9d7d1d1dcff096c99f4f85f98c5cd64ec5e51933891c55c&u3=https%3A%2F%2Fwww.bing.com%2Faclick%3Fld%3De8ryi9CmoVctsm3HHyzSs4rTVUCUz5l_YSikSYgP8104f%2DmxdUvpaO3ak85TYV01I0NLh1Q217_w8g7mLITgPX3UtZL9JYBTMugpARSXMPJvciZGA2gOczjK7OhLx9bzLTaL1CZi7ewqM9qGxr2Nt4tYzhtkdJG%2DqAg51w067mwowG6D4Q1GogDTWvhdnoANP6MvGOVBwhgQ%2DxlGp%2Dxr%2D%2DhWb%2D0Q8%26u%3DaHR0cHMlM2ElMmYlMmZ3d3cudmFnYXJvLmNvbSUyZnBybyUyZmJvb2tpbmctd2Vic2l0ZS1idWlsZGVyJTNmdXRtX3NvdXJjZSUzZGJpbmclMjZ1dG1fbWVkaXVtJTNkY3BjJTI2dXRtX2NhbXBhaWduJTNkQk9GVS1VU0EtTkItU2Fsb24lMjZ1dG1fY29udGVudCUzZHNhbG9uX215c2l0ZSUyNnV0bV90ZXJtJTNkc2Fsb24lMjUyMHdlYnNpdGUtcCUyNm1zY2xraWQlM2Q4YzJhOGFiM2MxODIxMmE5MWJiOWUwODcyZjQyZDQ4NA%26rlid%3D8c2a8ab3c18212a91bb9e0872f42d484&vqd=4-288502670687690068322365054664814375739&iurl=%7B1%7DIG%3D59FCEA4F5ADB4332BF4E1B2188FB3983%26CID%3D11ACAA4EAA216DD31BBDBD33ABB66CDB%26ID%3DDevEx%2C5037.1,Build a Modern Salon Website Quickly with Vagaro® Intuitive & Customizable Website Builder. Free Templates with Drag & Drop Features Making it Easy to Fully Customize Your Website.
Website Builder Made Easy - Easy Website Builder - Free,https://duckduckgo.com/y.js?ad_domain=wix.com&ad_provider=bingv7aa&ad_type=txad&click_metadata=B0k6zK8VI0ASemnrLYhkKMUCBYwn2k9eM5Mg_6VNtXDs_8bQqIJpPklmW8QvgsAznIbDNLIWm0e33oo2HvQS7W9Yd3AXWgdwgZnUInBPKx7Jwjsj7dHzvbs25k2MAHJ_7ut7Z8FnM5CrR3OXcjc5_gRZlqwM1ISK0ARIw6_vD68.0PvndYh_8KeeaBOZxKI6mg&rut=be374498169c591b32e6e4436efa2afd3b9e74c047036d33f8a2bb406253685a&u3=https%3A%2F%2Fwww.bing.com%2Faclick%3Fld%3De8XGloJ4cGC86lDRVo_UAcLjVUCUwGb31DgruzGeie593LOva_yhmOG9Hpwp7cglLXiMSnM0zGaNgqI%2DXHaSsNrnET76LTKyAoX26_VGZqPGNeFdEmxP2zfxseVyMQEy4017cRApnW8s3sKmIAtofPJTbwTWRjA4BPHSYQwyIZH5Fc0FznbGkGqKfRpCMq4x9Z%2DisV7Iaimq6jS0gEXYM_9QFUMJQ%26u%3DaHR0cHMlM2ElMmYlMmZ3d3cud2l4LmNvbSUyZmxwLWVuJTJmd2Vic2l0ZS1idWlsZGVyJTNmdXRtX3NvdXJjZSUzZGJpbmclMjZ1dG1fbWVkaXVtJTNkY3BjJTI2dXRtX2NhbXBhaWduJTNkNTA2MjE0NzM5JTVlMTI2NzczODU3MDI0Njc3NSU1ZXNlYXJjaCUyNTIwLSUyNTIwYmluZyUyNTIwdXMlMjZleHBlcmltZW50X2lkJTNkZWFzeSUyNTIwd2Vic2l0ZSUyNTIwYnVpbGRlciU1ZWIlNWUlNWUlMjZtc2Nsa2lkJTNkOTE0YjA3MzhmYjhkMWMzNTBmZTk2ZDBjMTU0ZGZjNTU%26rlid%3D914b0738fb8d1c350fe96d0c154dfc55&vqd=4-335223185299061402098629547366314150263&iurl=%7B1%7DIG%3D59FCEA4F5ADB4332BF4E1B2188FB3983%26CID%3D11ACAA4EAA216DD31BBDBD33ABB66CDB%26ID%3DDevEx%2C5040.1,"Wix gives you all the tools to create a beautiful, business-ready website in minutes. Use the easiest website builder to bring your vision to life. Start creating today."
"Same-Day Service, Call 24/7 - Los Angeles Plumber",https://duckduckgo.com/y.js?ad_domain=plumbertoday.co&ad_provider=bingv7aa&ad_type=txad&click_metadata=o_jPCXnCBugfjJTtAQsmXD3YTv2IPaAndtDXv6Vy3VKKYWfQXeJOzrjGfvxzbbfRxQeRdWFZm3hc_yUTAiRZ8YmN43eDem9EPebr9N29CHBBJEt4e9PFz4xM5UelEBIM33cPHVhP1jZos20_i6ZH5WNYsbeCJ%2De2G3wpO1sULJ0.zPy6vRudswhUO8snFMXHnQ&rut=fbfdc774d6bb76c60ee93b0634648bb350cbea9fe78c8839da1f2a3f52a324bf&u3=https%3A%2F%2Fwww.bing.com%2Faclick%3Fld%3De8ycVpZpwKvezR6cwUS7lOZjVUCUzfDBdZPiO8fWHWnyTwPvo25jSI_fnlCQUU7m2l%2DIotTDS7h_RM8mmhEqWQRl9Divvolo%2DiLB_BUE5Az8Jicu86ew_DmgYmjF9kzYHLagRHPbgSghXYo5xriLrnFYGITDnCApbf2tul9VGLkdVoP%2DtvMebBo1khnPclCop2VwQwtZUOfoaD%2DdnoqcU144Fnd%2Dw%26u%3DaHR0cHMlM2ElMmYlMmZwbHVtYmVydG9kYXkuY28lMmYlM2ZzYmolM2RwbHVtYmluZyUyNnN2YyUzZHNlcnZpY2UlMjZsb2MlM2Q3OTg0OSUyNmMlM2Q2Mzg4MjA4ODAlMjZwbGF0JTNkbSUyNmRldmljZSUzZGMlMjZxdWVyeSUzZHNpdGUlMjUyMGRlc2lnbmVkJTI1MjBieSUyNTIwcGx1bWJlciUyNmFnJTNkMTE4MDg3Nzc2NzY5NTc2OCUyNmFkJTNkNzM4MDUwODc5NjM0NzklMjZtc2Nsa2lkJTNkMGQ0YWVhN2VmMzgwMWNhZjljZGM4MDRhMWQ0NWFmODc%26rlid%3D0d4aea7ef3801caf9cdc804a1d45af87&vqd=4-9034023336993326461719465205762237287&iurl=%7B1%7DIG%3DC72D38C77C4A4F3C9F142569FF744A51%26CID%3D13C3750F8C8468A3109F62728D086955%26ID%3DDevEx%2C5034.1,Los Angeles
Custom Site Plans for You - Quick & Easy Site Plans,https://duckduckgo.com/y.js?ad_domain=siteplan4you.com&ad_provider=bingv7aa&ad_type=txad&click_metadata=fFDlbr9qHqDn5mckm6AbMgCQDlH8EB_7pYoeY8CfUSiI5ROZOFSoggeE6ShL1t0B5lDNHcxFMXyEfPxLqNP4lKOFBsIQL3lsvQ4rY_mBKSqzx4J6ABYuHL5VzYQD4yLGi_Z7diNw8eSVdSEMAOb9_iYv8VRyjyHcdPRvWWs3U3c.gqf3bd2AoV1jto%2DAlhxTJA&rut=eed221264199d4cb8261054cc63af1d5f2237084be0883795bdfbc6a816996ee&u3=https%3A%2F%2Fwww.bing.com%2Faclick%3Fld%3De8MOcUhE0OVahVjaOLfGPqBDVUCUyb5ENy8NOAHEvYEp2zyq2D3AT_OVPy61iMF48dyKwO0Xq%2DVTm1ASrvs_fc4%2DqbX5mMBqRqg27Zdq_4UA680pZeFNGOpoO8QK_r9dj4TS16lvadEYwC%2DuhF8ywcK1hsw85ajLb7mgBrH5C3BYZH7S4Widj2Z_62VhPao_XqQRZwMBWe%2DnppFhrE0cq5jP3CWhY%26u%3DaHR0cHMlM2ElMmYlMmZzaXRlcGxhbjR5b3UuY29tJTJmc2l0ZS1wbGFuJTJmJTNmbXNjbGtpZCUzZGExNzg2NDY1OTUxMzE4M2QzZjA0MGU1MTdiZDY0OWE2JTI2dXRtX3NvdXJjZSUzZGJpbmclMjZ1dG1fbWVkaXVtJTNkY3BjJTI2dXRtX2NhbXBhaWduJTNkU2l0ZSUyNTIwUGxhbiUyNTIwNCUyNTIwWW91JTI1MjAlMjU3QyUyNTIwRW5oYW5jZWQlMjUyMENQQyUyNnV0bV90ZXJtJTNkbWFrZSUyNTIwc2l0ZSUyNTIwcGxhbiUyNnV0bV9jb250ZW50JTNkYWQlMjUyMCUyNTdDJTI1MjBTaXRlJTI1MjBQbGFuJTI1MjAtJTI1MjBQaHJlc2U%26rlid%3Da17864659513183d3f040e517bd649a6&vqd=4-210712941630002130601782783428416781421&iurl=%7B1%7DIG%3DC72D38C77C4A4F3C9F142569FF744A51%26CID%3D13C3750F8C8468A3109F62728D086955%26ID%3DDevEx%2C5038.1,"Guaranteed fast Site Plans. Choose Basic, Standard, or Detailed. Ready in 12-24 Hours. Our Expertly Crafted Plans Are All Delivered within 24 Hours or Less"
"Same-Day Service, Call 24/7 - Plumber Pasadena",https://duckduckgo.com/y.js?ad_domain=plumbertoday.co&ad_provider=bingv7aa&ad_type=txad&click_metadata=Ngu93JJsbI6cXfa0wFNnxK5QYhB6Ul_Mk6_XJL95Qpl6LvHbevV0D9qpPWsmNgQAbuI9ezkdYuF3nj%2DUPCD5BZYadPk_abD4zf4CkS0rCHNm41Y05WY5E7h7xYuIRCAbzK7xTXEhQCqgY1bjJ3eTsdoL7X5vPAh5t8JWMgLyL8A.VG43XZ%2DriYYlObRk66IJNA&rut=79d66c4948b5c05bb748ebe95efef7f81a1a0ce4d0eacf7f07515dbb5588ef9a&u3=https%3A%2F%2Fwww.bing.com%2Faclick%3Fld%3De8souZjldzyNGzFvyN%2DO4sfjVUCUzOFPh6hrNSrVRXdtL9EyC%2D_5mcQxjjcM1yC19ngfceyo5JWsoY_8AQa_zVoIhhlMG4zl_%2DcsfW%2Dfvgy8gEJ9GhEBRIjG0WLb_ziQwyJQ2yvRhBiivwDnUm6Xe2_nNcTXCpBo9Y1I73U26Sv%2DPnxHsvEqsoRdEKD8YuMILGvMbkZdowBLMKmz6nJNYNELX_y1U%26u%3DaHR0cHMlM2ElMmYlMmZwbHVtYmVydG9kYXkuY28lMmYlM2ZzYmolM2RwbHVtYmluZyUyNnN2YyUzZHNlcnZpY2UlMjZsb2MlM2Q3OTk1NCUyNmMlM2Q2Mzg4MjA4ODAlMjZwbGF0JTNkbSUyNmRldmljZSUzZGMlMjZxdWVyeSUzZG1hcmtldGluZyUyNTIwYnklMjUyMHBsdW1iZXIlMjZhZyUzZDExODA4Nzc3Njc2OTU3NjglMjZhZCUzZDczODA1MDg3OTYzNDc5JTI2bXNjbGtpZCUzZDVkZjIyZGYwNzgxMzE1ZDZjNzVjNDdjNDk2ZGE4YWM4%26rlid%3D5df22df0781315d6c75c47c496da8ac8&vqd=4-100402606276339357357079305335567756856&iurl=%7B1%7DIG%3DFF7AC27356F94641942E12B093C4D072%26CID%3D0F54D2E17EEF6FDB03B4C59C7F0B6EE8%26ID%3DDevEx%2C5038.1,Pasadena
Handyman Service Marketing - Handyman Marketing,https://duckduckgo.com/y.js?ad_domain=postcardmania.com&ad_provider=bingv7aa&ad_type=txad&click_metadata=AGsUcZVJnXrRH2u%2D%2D3dT_B6en4e5aOQ53zIi1zon4S2BTxN8vryYw2Uct2AECqHjW0qiu4V1KObfMYhj7%2DgAOk8quNZpqE%2D0zVZaDzr3da5FQFw0_O9Kt_UqxOJ0sp7xvRIp6L1Pj4CPKDJGJZHyWtPe9n1zhAC3qArGr8m8I84.%2DnJSgMQhC0JVlpDqNJSXiQ&rut=7436e77f0d5cb78593f2e4a57d3931e29d93e846249467ba9d2808b37c1413cc&u3=https%3A%2F%2Fwww.bing.com%2Faclick%3Fld%3De8VkViurXFUBBAx199fsx5fTVUCUyUgubGkjCQC%2DBvYb9WuNddSoSwgPaAM0c_z6n3jZEcJONWZnjNi_IWrt7h%2DHqe80pLjZ9bbEfz2x73q55HGxPsAJqwqwS_dMLz3XTSvGx5b0Qfd3Gsj83Xg0RCh1fuGxo3pA%2DHfo7kA6eKYNhKXw2PkXOlz19V_3coVZ8qAcyGf7Izja13R0uCF7PdfBBaw0o%26u%3DaHR0cHMlM2ElMmYlMmZ3d3cucG9zdGNhcmRtYW5pYS5jb20lMmZscCUyZmhvbWUtc2VydmljZXMtc3VjY2VzcyUzZnV0bV9zb3VyY2UlM2RCaW5nJTI2dXRtX21lZGl1bSUzZGNwYyUyNnV0bV9jYW1wYWlnbiUzZExQX0luZHVzdHJpZXNfSG9tZV9zZXJ2aWNlc19SZW1vZGVsaW5nJTI2Y3RjYW1wYWlnbiUzZDIxMSUyNmNhbXBhaWduJTNkXy1fYmluZy15YWhvbyUyNmFkZ3JvdXAlM2QlMjZhZF9kZXNjcmlwdGlvbiUzZCUyNmtleXdvcmQlM2RoYW5keW1hbiUyNTIwbWFya2V0aW5nJTI2bWF0Y2h0eXBlJTNkcCUyNmdjbGlkJTNkJTI2a3dpZCUzZCUyNnV0bV9zb3VyY2UlM2RiaW5nJTI2bXNjbGtpZCUzZDIyYzk2OGQzNGQ3NzFjNjQ4MjhjMDJlN2EzYmU4MzI3%26rlid%3D22c968d34d771c64828c02e7a3be8327&vqd=4-117792515125306680333038811803495218140&iurl=%7B1%7DIG%3DFF7AC27356F94641942E12B093C4D072%26CID%3D0F54D2E17EEF6FDB03B4C59C7F0B6EE8%26ID%3DDevEx%2C5042.1,"Speak to an Advertising Consultant With Our Free Live Chat to Plan Your Ad Campaign Today. We will help you design, print and mail postcards promoting your business"
21 Plumbing Website Designs to Inspire Your Own - WebFX,https://www.webfx.com/blog/home-services/plumber-website-examples/,"48,000+ hours of home services experience Get inspired for a new or redesigned site with these"
Top Rated Plumbers & Plumbing Contractors - Powered By The People,https://poweredbythepeople.com/plumbers/index.php,The People connects you with a vast directory of plumbers and
